"","clusters","features","pvalues","logFC","pct.1","pct.2","pvalues.adj","datasets","key"
"g1","CellType1","g1",3.97262664495284e-117,-1.37464937456163,0.02,0.28,2.3835759869717e-115,"Mo","CellType1.g1"
"HKG-191","CellType2","HKG-19",0.007684240609231,-0.0315718055077436,1,1,0.46105443655386,"Mo","CellType2.HKG-19"
"HKG-431","CellType2","HKG-43",0.0209000064727743,-0.0299050284643991,1,1,1,"Mo","CellType2.HKG-43"
"HKG-3","CellType1","HKG-3",0.0256408598834926,-0.0296872123013863,1,1,1,"Mo","CellType1.HKG-3"
"HKG-46","CellType1","HKG-46",0.0290183764450668,-0.0283191069193043,1,1,1,"Mo","CellType1.HKG-46"
"HKG-38","CellType1","HKG-38",0.037251004168455,-0.0320021898060681,1,1,1,"Mo","CellType1.HKG-38"
"HKG-231","CellType2","HKG-23",0.064996898925031,-0.0202756334000691,1,1,1,"Mo","CellType2.HKG-23"
"HKG-9","CellType1","HKG-9",0.0899450345375271,-0.0187741644553316,1,1,1,"Mo","CellType1.HKG-9"
"HKG-221","CellType2","HKG-22",0.0942947300884294,-0.0246977681946765,1,1,1,"Mo","CellType2.HKG-22"
"HKG-29","CellType1","HKG-29",0.107324561228221,-0.0172923841134436,1,1,1,"Mo","CellType1.HKG-29"
"HKG-5","CellType1","HKG-5",0.129235101825927,-0.0143984652403626,1,1,1,"Mo","CellType1.HKG-5"
"HKG-110","CellType2","HKG-1",0.145564892445332,-0.0136022055284002,1,1,1,"Mo","CellType2.HKG-1"
"HKG-91","CellType2","HKG-9",0.151434164900523,-0.0131507941385784,1,1,1,"Mo","CellType2.HKG-9"
"HKG-36","CellType1","HKG-36",0.154419737497804,-0.0230943170959632,1,1,1,"Mo","CellType1.HKG-36"
"HKG-401","CellType2","HKG-40",0.166407517984935,-0.0190651114328988,1,1,1,"Mo","CellType2.HKG-40"
"HKG-471","CellType2","HKG-47",0.247545966645479,-0.015486565880102,1,1,1,"Mo","CellType2.HKG-47"
"HKG-261","CellType2","HKG-26",0.258463799773488,-0.00997280566822134,1,1,1,"Mo","CellType2.HKG-26"
"HKG-321","CellType2","HKG-32",0.262909021559172,-0.0103344606088909,1,1,1,"Mo","CellType2.HKG-32"
"HKG-51","CellType2","HKG-5",0.273963681737475,-0.0170494916346255,1,1,1,"Mo","CellType2.HKG-5"
"HKG-121","CellType2","HKG-12",0.276717319361498,-0.0148232365781418,1,1,1,"Mo","CellType2.HKG-12"
"HKG-32","CellType1","HKG-32",0.294201455268996,-0.0149824630446043,1,1,1,"Mo","CellType1.HKG-32"
"HKG-451","CellType2","HKG-45",0.297941592719648,-0.0158986023346506,1,1,1,"Mo","CellType2.HKG-45"
"HKG-42","CellType1","HKG-42",0.329728932366169,-0.0133998164171238,1,1,1,"Mo","CellType1.HKG-42"
"HKG-341","CellType2","HKG-34",0.404770004232616,-0.00811463892037878,1,1,1,"Mo","CellType2.HKG-34"
"HKG-16","CellType1","HKG-16",0.417298594125979,-0.0118449824834901,1,1,1,"Mo","CellType1.HKG-16"
"HKG-14","CellType1","HKG-14",0.454229154917524,-0.0185647298499063,1,1,1,"Mo","CellType1.HKG-14"
"g4","CellType1","g4",0.47428632478012,-0.0202983616533432,0.746,0.754,1,"Mo","CellType1.g4"
"HKG-1","CellType1","HKG-1",0.477734272965662,-0.0174870242459866,1,1,1,"Mo","CellType1.HKG-1"
"HKG-26","CellType1","HKG-26",0.483125311781754,-0.0108127118982893,1,1,1,"Mo","CellType1.HKG-26"
"HKG-410","CellType2","HKG-4",0.488772698800348,-0.00568029902122635,1,1,1,"Mo","CellType2.HKG-4"
"HKG-10","CellType1","HKG-10",0.50398433035477,-0.00601252835524502,1,1,1,"Mo","CellType1.HKG-10"
"HKG-24","CellType1","HKG-24",0.534492394090142,-0.00359457294150811,1,1,1,"Mo","CellType1.HKG-24"
"HKG-31","CellType1","HKG-31",0.568650927750822,-0.00907465220871551,1,1,1,"Mo","CellType1.HKG-31"
"HKG-12","CellType1","HKG-12",0.572110299102379,-0.00483587927564688,1,1,1,"Mo","CellType1.HKG-12"
"HKG-151","CellType2","HKG-15",0.629316830945211,-0.00565885122883447,1,1,1,"Mo","CellType2.HKG-15"
"HKG-271","CellType2","HKG-27",0.669335135795622,-0.0097982932936711,1,1,1,"Mo","CellType2.HKG-27"
"HKG-331","CellType2","HKG-33",0.67570908216131,-0.00479565217580813,1,1,1,"Mo","CellType2.HKG-33"
"HKG-381","CellType2","HKG-38",0.709958441011598,-0.00803496579547058,1,1,1,"Mo","CellType2.HKG-38"
"g6","CellType2","g6",0.716347025602086,-0.0145606202083959,0.18,0.184,1,"Mo","CellType2.g6"
"HKG-481","CellType2","HKG-48",0.729305935549377,-0.00626314424661256,1,1,1,"Mo","CellType2.HKG-48"
"HKG-21","CellType1","HKG-21",0.77007025773944,-0.00593864976240788,1,1,1,"Mo","CellType1.HKG-21"
"HKG-23","CellType1","HKG-23",0.773568668933546,-0.0125737623892288,1,1,1,"Mo","CellType1.HKG-23"
"HKG-131","CellType2","HKG-13",0.778898414089449,-0.0035103938038521,1,1,1,"Mo","CellType2.HKG-13"
"HKG-210","CellType2","HKG-2",0.790232053009216,-0.00688078291682448,1,1,1,"Mo","CellType2.HKG-2"
"HKG-20","CellType1","HKG-20",0.803696118115477,-1.69549315218731e-05,1,1,1,"Mo","CellType1.HKG-20"
"HKG-18","CellType1","HKG-18",0.82136934613199,-0.00146040647823131,1,1,1,"Mo","CellType1.HKG-18"
"HKG-141","CellType2","HKG-14",0.8449810225982,-0.00174195726797777,1,1,1,"Mo","CellType2.HKG-14"
"HKG-48","CellType1","HKG-48",0.858689716123993,-0.00121883146445967,1,1,1,"Mo","CellType1.HKG-48"
"HKG-171","CellType2","HKG-17",0.873228459091635,-0.00199825666235931,1,1,1,"Mo","CellType2.HKG-17"
"HKG-371","CellType2","HKG-37",0.889000021970326,-0.00577332835679822,1,1,1,"Mo","CellType2.HKG-37"
"HKG-6","CellType1","HKG-6",0.928194650679753,-0.00517208593775464,1,1,1,"Mo","CellType1.HKG-6"
"g5","CellType2","g5",0,1.71142568831917,0.741,0.084,0,"Co","CellType2.g5"
"g7","CellType2","g7",1.45333227172404e-306,1.60714688098465,0.67,0.077,8.71999363034425e-305,"Co","CellType2.g7"
"g0","CellType1","g0",3.32236165687486e-271,1.55812836324289,0.621,0.075,1.99341699412491e-269,"Co","CellType1.g0"
"HKG-41","CellType1","HKG-41",0.0819300015413578,0.0189721586099356,1,1,1,"Co","CellType1.HKG-41"
"HKG-4","CellType1","HKG-4",0.0855687612794713,0.0210852572322713,1,1,1,"Co","CellType1.HKG-4"
"HKG-441","CellType2","HKG-44",0.110794586528825,0.0156895479225474,1,1,1,"Co","CellType2.HKG-44"
"HKG-211","CellType2","HKG-21",0.129024412920258,0.0150038003409927,1,1,1,"Co","CellType2.HKG-21"
"HKG-61","CellType2","HKG-6",0.137010105493906,0.0159440306522187,1,1,1,"Co","CellType2.HKG-6"
"HKG-45","CellType1","HKG-45",0.139192971814525,0.0257105857217903,1,1,1,"Co","CellType1.HKG-45"
"HKG-30","CellType1","HKG-30",0.164270991205377,0.0190937780221674,1,1,1,"Co","CellType1.HKG-30"
"HKG-8","CellType1","HKG-8",0.174306005304276,0.0131212517168748,1,1,1,"Co","CellType1.HKG-8"
"HKG-251","CellType2","HKG-25",0.174762306556036,0.0119971433379567,1,1,1,"Co","CellType2.HKG-25"
"HKG-25","CellType1","HKG-25",0.194477310517512,0.0198880021464571,1,1,1,"Co","CellType1.HKG-25"
"HKG-35","CellType1","HKG-35",0.200192249709777,0.0149746513824232,1,1,1,"Co","CellType1.HKG-35"
"HKG-33","CellType1","HKG-33",0.28852298754154,0.0211907131490685,1,1,1,"Co","CellType1.HKG-33"
"HKG-47","CellType1","HKG-47",0.290474183705879,0.0118708993038279,1,1,1,"Co","CellType1.HKG-47"
"HKG-81","CellType2","HKG-8",0.292823544692047,0.00516505283072632,1,1,1,"Co","CellType2.HKG-8"
"HKG-15","CellType1","HKG-15",0.314198509621863,0.0150120701039862,1,1,1,"Co","CellType1.HKG-15"
"HKG-491","CellType2","HKG-49",0.321207487878485,0.0191515742342112,1,1,1,"Co","CellType2.HKG-49"
"HKG-39","CellType1","HKG-39",0.331573347468688,0.0113297248816373,1,1,1,"Co","CellType1.HKG-39"
"g2","CellType1","g2",0.336266941340515,0.0292311472354227,0.3,0.288,1,"Co","CellType1.g2"
"HKG-101","CellType2","HKG-10",0.339543466661174,0.00518522329410942,1,1,1,"Co","CellType2.HKG-10"
"HKG-201","CellType2","HKG-20",0.345230025394757,0.00995107070258516,1,1,1,"Co","CellType2.HKG-20"
"HKG-2","CellType1","HKG-2",0.353088128551384,0.0135733016611193,1,1,1,"Co","CellType1.HKG-2"
"HKG-391","CellType2","HKG-39",0.35614146108804,0.0204282774739326,1,1,1,"Co","CellType2.HKG-39"
"HKG-11","CellType1","HKG-11",0.362983620275052,0.00573144275550952,1,1,1,"Co","CellType1.HKG-11"
"HKG-310","CellType2","HKG-3",0.401588828973617,0.015535165451892,1,1,1,"Co","CellType2.HKG-3"
"g8","CellType2","g8",0.423030470168284,0.0511838982972739,0.672,0.666,1,"Co","CellType2.g8"
"HKG-161","CellType2","HKG-16",0.426779556133905,0.0112480451467158,1,1,1,"Co","CellType2.HKG-16"
"HKG-28","CellType1","HKG-28",0.441924512053483,0.00322733464325786,1,1,1,"Co","CellType1.HKG-28"
"HKG-311","CellType2","HKG-31",0.445231585674503,0.00405427494573551,1,1,1,"Co","CellType2.HKG-31"
"HKG-421","CellType2","HKG-42",0.483304725834548,0.00822240067545277,1,1,1,"Co","CellType2.HKG-42"
"HKG-7","CellType1","HKG-7",0.524068812146845,0.00646571804915208,1,1,1,"Co","CellType1.HKG-7"
"HKG-241","CellType2","HKG-24",0.526711842988117,0.0122004198507142,1,1,1,"Co","CellType2.HKG-24"
"HKG-281","CellType2","HKG-28",0.570481661190007,0.00675014148578423,1,1,1,"Co","CellType2.HKG-28"
"HKG-19","CellType1","HKG-19",0.583327792575467,0.00840979697907684,1,1,1,"Co","CellType1.HKG-19"
"HKG-44","CellType1","HKG-44",0.595225282072288,0.001933468077846,1,1,1,"Co","CellType1.HKG-44"
"HKG-181","CellType2","HKG-18",0.610260476785234,0.00636077575736937,1,1,1,"Co","CellType2.HKG-18"
"HKG-71","CellType2","HKG-7",0.61076902062562,0.00284401729420214,1,1,1,"Co","CellType2.HKG-7"
"HKG-37","CellType1","HKG-37",0.719512434211183,0.00853016963333886,1,1,1,"Co","CellType1.HKG-37"
"HKG-40","CellType1","HKG-40",0.748848111356037,0.00116835341418486,1,1,1,"Co","CellType1.HKG-40"
"HKG-461","CellType2","HKG-46",0.764549393529315,0.000432906824101131,1,1,1,"Co","CellType2.HKG-46"
"HKG-411","CellType2","HKG-41",0.774449236400616,0.00645875662076367,1,1,1,"Co","CellType2.HKG-41"
"HKG-13","CellType1","HKG-13",0.789947368577562,0.00787362073120956,1,1,1,"Co","CellType1.HKG-13"
"HKG-291","CellType2","HKG-29",0.793048764582105,0.00268080627941014,1,1,1,"Co","CellType2.HKG-29"
"HKG-43","CellType1","HKG-43",0.799705586396625,0.00764931612666775,1,1,1,"Co","CellType1.HKG-43"
"HKG-34","CellType1","HKG-34",0.811872969285018,0.00530002401856411,1,1,1,"Co","CellType1.HKG-34"
"HKG-49","CellType1","HKG-49",0.818378230217771,0.000931360990098717,1,1,1,"Co","CellType1.HKG-49"
"HKG-301","CellType2","HKG-30",0.820453637579163,0.000948514369818909,1,1,1,"Co","CellType2.HKG-30"
"HKG-01","CellType2","HKG-0",0.828853079780522,0.00532503033830967,1,1,1,"Co","CellType2.HKG-0"
"HKG-0","CellType1","HKG-0",0.848980549099148,0.00151270383701796,1,1,1,"Co","CellType1.HKG-0"
"HKG-111","CellType2","HKG-11",0.858141380701682,0.00388949825337548,1,1,1,"Co","CellType2.HKG-11"
"HKG-27","CellType1","HKG-27",0.873336319640788,0.000639995846218433,1,1,1,"Co","CellType1.HKG-27"
"HKG-361","CellType2","HKG-36",0.887474857056341,0.00167968028395471,1,1,1,"Co","CellType2.HKG-36"
"g9","CellType2","g9",0.898648354911218,0.013837474204345,0.408,0.412,1,"Co","CellType2.g9"
"g3","CellType1","g3",0.914164125224188,0.0144276228490274,0.805,0.807,1,"Co","CellType1.g3"
"HKG-351","CellType2","HKG-35",0.925366348807802,0.00237143131006956,1,1,1,"Co","CellType2.HKG-35"
"HKG-17","CellType1","HKG-17",0.948059780794607,0.00705049151959791,1,1,1,"Co","CellType1.HKG-17"
"HKG-22","CellType1","HKG-22",0.976341826102749,0.0073559417424347,1,1,1,"Co","CellType1.HKG-22"
